<?xml version="1.0"?>
<doc>
    <assembly>
        <name>SpreadsheetUtilities</name>
    </assembly>
    <members>
        <!-- Badly formed XML comment ignored for member "T:SpreadsheetUtilities.DependencyGraph" -->
        <member name="M:SpreadsheetUtilities.DependencyGraph.#ctor">
            <summary>
            Creates an empty DependencyGraph.
            </summary>
        </member>
        <member name="M:SpreadsheetUtilities.DependencyGraph.HasDependents(System.String)">
            <summary>
            Reports whether dependents(s) is non-empty.
            </summary>
        </member>
        <member name="M:SpreadsheetUtilities.DependencyGraph.HasDependees(System.String)">
            <summary>
            Reports whether dependees(s) is non-empty.
            </summary>
        </member>
        <member name="M:SpreadsheetUtilities.DependencyGraph.GetDependents(System.String)">
            <summary>
            Enumerates dependents(s).
            </summary>
        </member>
        <member name="M:SpreadsheetUtilities.DependencyGraph.GetDependees(System.String)">
            <summary>
            Enumerates dependees(s).
            </summary>
        </member>
        <member name="M:SpreadsheetUtilities.DependencyGraph.AddDependency(System.String,System.String)">
            <summary>
            Adds the ordered pair (s,t), if it doesn't exist
            </summary>
            <param name="s"></param>
            <param name="t"></param>
        </member>
        <member name="M:SpreadsheetUtilities.DependencyGraph.RemoveDependency(System.String,System.String)">
            <summary>
            Removes the ordered pair (s,t), if it exists
            </summary>
            <param name="s"></param>
            <param name="t"></param>
        </member>
        <member name="M:SpreadsheetUtilities.DependencyGraph.ReplaceDependents(System.String,System.Collections.Generic.IEnumerable{System.String})">
            <summary>
            Removes all existing ordered pairs of the form (s,r).  Then, for each
            t in newDependents, adds the ordered pair (s,t).
            </summary>
        </member>
        <member name="M:SpreadsheetUtilities.DependencyGraph.ReplaceDependees(System.String,System.Collections.Generic.IEnumerable{System.String})">
            <summary>
            Removes all existing ordered pairs of the form (r,s).  Then, for each 
            t in newDependees, adds the ordered pair (t,s).
            </summary>
        </member>
        <member name="M:SpreadsheetUtilities.DependencyGraph.ClearKey(System.Collections.Generic.Dictionary{System.String,System.Collections.Generic.SortedSet{System.String}},System.String)">
            <summary>
            A helper function that removes a key from a dictionary when it contains no value.
            </summary>
            <param name="d"></param>
            <param name="s"></param>
        </member>
        <member name="P:SpreadsheetUtilities.DependencyGraph.Size">
            <summary>
            The number of ordered pairs in the DependencyGraph.
            </summary>
        </member>
        <member name="P:SpreadsheetUtilities.DependencyGraph.Item(System.String)">
            <summary>
            The size of dependees(s).
            This property is an example of an indexer.  If dg is a DependencyGraph, you would
            invoke it like this:
            dg["a"]
            It should return the size of dependees("a")
            </summary>
        </member>
    </members>
</doc>
